year,forest_cover,arctic_ice,co2,temp_anomaly,sea_level,data_type,is_reconstructed
1900,,8.752,295.7,-0.09,0.0,reconstructed,1
1901,,8.921,296.2,-0.16,-0.4,reconstructed,1
1902,,8.754,296.6,-0.28,4.2,reconstructed,1
1903,,8.969,297.0,-0.37,12.2,reconstructed,1
1904,,8.85,297.5,-0.47,1.9,reconstructed,1
1905,,8.437,298.0,-0.26,-3.6,reconstructed,1
1906,,8.804,298.4,-0.22,3.2,reconstructed,1
1907,,9.317,298.8,-0.39,1.8,reconstructed,1
1908,,8.512,299.3,-0.43,-0.7,reconstructed,1
1909,,8.602,299.7,-0.49,3.8,reconstructed,1
1910,,9.178,300.1,-0.44,3.7,reconstructed,1
1911,,9.278,300.6,-0.45,12.0,reconstructed,1
1912,,9.325,301.0,-0.37,8.9,reconstructed,1
1913,,8.169,301.3,-0.35,10.7,reconstructed,1
1914,,9.287,301.4,-0.15,17.0,reconstructed,1
1915,,8.539,301.6,-0.14,24.9,reconstructed,1
1916,,9.642,302.0,-0.36,23.0,reconstructed,1
1917,,9.199,302.4,-0.46,18.5,reconstructed,1
1918,,9.162,302.8,-0.3,16.9,reconstructed,1
1919,,8.292,303.0,-0.28,18.5,reconstructed,1
1920,,8.826,303.4,-0.28,19.8,reconstructed,1
1921,,8.967,303.7,-0.19,21.9,reconstructed,1
1922,,8.795,304.1,-0.28,21.0,reconstructed,1
1923,,8.939,304.5,-0.27,22.2,reconstructed,1
1924,,8.487,304.9,-0.27,14.9,reconstructed,1
1925,,8.967,305.3,-0.22,16.9,reconstructed,1
1926,,8.967,305.8,-0.11,23.4,reconstructed,1
1927,,8.967,306.2,-0.22,22.3,reconstructed,1
1928,,8.889,306.6,-0.2,18.4,reconstructed,1
1929,,8.813,307.2,-0.36,19.8,reconstructed,1
1930,,8.559,307.5,-0.16,23.8,reconstructed,1
1931,,8.967,308.0,-0.09,23.4,reconstructed,1
1932,,8.648,308.3,-0.16,29.1,reconstructed,1
1933,,8.488,308.9,-0.29,33.4,reconstructed,1
1934,,7.368,309.3,-0.13,28.0,reconstructed,1
1935,,7.348,309.7,-0.2,33.6,reconstructed,1
1936,,8.333,310.1,-0.15,29.7,reconstructed,1
1937,,7.327,310.6,-0.03,35.4,reconstructed,1
1938,,8.204,311.0,0.0,38.0,reconstructed,1
1939,,8.635,311.2,-0.02,43.2,reconstructed,1
1940,,8.356,311.3,0.12,37.9,reconstructed,1
1941,,7.855,311.0,0.18,50.1,reconstructed,1
1942,,7.604,310.7,0.06,50.1,reconstructed,1
1943,,7.237,310.5,0.09,50.1,reconstructed,1
1944,,7.597,310.2,0.2,43.7,reconstructed,1
1945,,7.48,310.3,0.09,46.5,reconstructed,1
1946,,8.043,310.3,-0.07,54.0,reconstructed,1
1947,,7.593,310.4,-0.03,57.1,reconstructed,1
1948,,8.158,310.5,-0.11,61.9,reconstructed,1
1949,,8.471,310.9,-0.11,60.6,reconstructed,1
1950,,7.978,311.3,-0.18,62.8,reconstructed,1
1951,,7.989,311.8,-0.07,72.3,reconstructed,1
1952,,6.687,312.2,0.01,69.7,reconstructed,1
1953,,7.766,312.6,0.08,74.1,reconstructed,1
1954,,8.399,313.2,-0.13,71.2,reconstructed,1
1955,,7.792,313.7,-0.14,72.1,reconstructed,1
1956,,8.383,314.3,-0.19,67.0,reconstructed,1
1957,,8.34,314.8,0.05,80.4,reconstructed,1
1958,,8.589,315.34,0.06,81.8,reconstructed,1
1959,,7.657,315.98,0.03,82.1,reconstructed,1
1960,,7.632,316.91,-0.02,85.8,reconstructed,1
1961,,7.573,317.64,0.06,92.0,reconstructed,1
1962,,8.94,318.45,0.03,86.8,reconstructed,1
1963,,9.627,318.99,0.05,85.2,reconstructed,1
1964,,8.928,319.62,-0.2,77.3,reconstructed,1
1965,,8.78,320.04,-0.11,88.5,reconstructed,1
1966,,8.619,321.37,-0.06,83.1,reconstructed,1
1967,,8.819,322.18,-0.02,84.5,reconstructed,1
1968,,7.693,323.05,-0.08,85.3,reconstructed,1
1969,,9.054,324.62,0.05,92.1,reconstructed,1
1970,,8.757,325.68,0.03,90.2,reconstructed,1
1971,,8.063,326.32,-0.08,95.4,reconstructed,1
1972,,8.523,327.46,0.01,104.5,reconstructed,1
1973,,8.302,329.68,0.16,98.5,reconstructed,1
1974,,7.778,330.19,-0.07,110.4,reconstructed,1
1975,,8.149,331.13,-0.01,108.8,reconstructed,1
1976,,7.85,332.03,-0.1,107.8,reconstructed,1
1977,,7.726,333.84,0.18,106.1,reconstructed,1
1978,,8.489,335.41,0.07,112.5,reconstructed,1
1979,,7.346,336.84,0.16,107.6,reconstructed,1
1980,,7.67,338.76,0.26,113.6,reconstructed,1
1981,,7.14,340.12,0.32,126.0,reconstructed,1
1982,,7.3,341.48,0.14,120.2,reconstructed,1
1983,,7.39,343.15,0.31,128.6,reconstructed,1
1984,,6.81,344.87,0.16,127.7,reconstructed,1
1985,,6.7,346.35,0.12,117.4,reconstructed,1
1986,,7.41,347.61,0.18,118.0,reconstructed,1
1987,,7.28,349.31,0.32,118.6,reconstructed,1
1988,,7.37,351.69,0.39,123.3,reconstructed,1
1989,,7.01,353.2,0.27,127.8,reconstructed,1
1990,33.484,6.14,354.45,0.45,130.1,reconstructed,1
1991,33.402,6.47,355.7,0.4,132.6,reconstructed,1
1992,33.319,7.47,356.54,0.22,133.3,reconstructed,1
1993,33.237,6.4,357.21,0.23,131.5,reconstructed,1
1994,33.154,7.14,358.96,0.31,136.7,reconstructed,1
1995,33.072,6.08,360.97,0.44,139.6,reconstructed,1
1996,32.99,7.58,362.74,0.33,143.7,reconstructed,1
1997,32.907,6.69,363.88,0.46,150.7,reconstructed,1
1998,32.825,6.54,366.84,0.61,140.8,reconstructed,1
1999,32.742,6.12,368.54,0.38,149.3,reconstructed,1
2000,32.66,6.25,369.71,0.39,150.6,reconstructed,1
2001,32.632,6.73,371.32,0.53,156.1,reconstructed,1
2002,32.605,5.83,373.45,0.63,158.5,reconstructed,1
2003,32.577,6.12,375.98,0.61,167.7,reconstructed,1
2004,32.55,5.98,377.7,0.53,167.3,reconstructed,1
2005,32.523,5.5,379.98,0.68,167.4,reconstructed,1
2006,32.495,5.86,382.09,0.64,171.7,reconstructed,1
2007,32.468,4.27,384.02,0.66,173.6,reconstructed,1
2008,32.44,4.69,385.83,0.54,182.3,reconstructed,1
2009,32.413,5.26,387.64,0.66,188.1,reconstructed,1
2010,32.385,4.87,390.1,0.72,195.8,reconstructed,1
2011,32.355,4.56,391.85,0.61,197.4,reconstructed,1
2012,32.325,3.57,394.06,0.64,206.2,reconstructed,1
2013,32.295,5.21,396.74,0.68,197.8,reconstructed,1
2014,32.265,5.22,398.81,0.75,192.8,observed,0
2015,32.235,4.62,401.01,0.9,201.6,observed,0
2016,32.21,4.53,404.41,1.01,204.9,observed,0
2017,32.185,4.82,406.76,0.92,206.2,observed,0
2018,32.16,4.79,408.72,0.85,208.6,observed,0
2019,32.135,4.36,411.65,0.98,215.1,observed,0
2020,32.11,4.0,414.21,1.01,217.8,observed,0
2021,32.071,4.95,416.41,0.85,222.5,observed,0
2022,32.033,4.9,418.53,0.89,224.8,observed,0
2023,31.994,4.38,421.08,1.17,230.6,observed,0
2024,31.955,4.35,424.61,1.29,,observed,0
